activity_transaction_id,type,value,value_was,status,gift_charge,note_charge,packaging_charge,pick_pack_charge,shipping_charge,total_charge,undeliverable_charge
3817979,updated,Shipped,Shipped,Shipped,0,0,0,0,492,492,0
3789135,updated,Shipped,Shipped,Shipped,0,0,350,0,13714,14064,0
3624972,updated,Shipped,Shipped,Shipped,0,300,0,0,0,300,0
3799647,updated,Shipped,Shipped,Shipped,0,0,0,0,2382,2382,0
3486176,updated,Shipped,Shipped,Shipped,0,0,100,700,0,800,0
3673998,updated,Shipped,Shipped,Shipped,0,0,50,0,554,604,0
3625005,updated,Shipped,Shipped,Shipped,0,300,0,0,0,300,0
3686967,updated,Shipped,Shipped,Shipped,0,600,200,450,2054,3304,0
3686859,updated,Shipped,Shipped,Shipped,0,600,200,450,679,1929,0
3520098,updated,Shipped,Shipped,Shipped,0,600,100,0,1638,2338,0
3811949,updated,Shipped,Shipped,Shipped,0,0,0,0,4198,4198,0
3811355,updated,Shipped,Shipped,Shipped,0,0,0,0,4198,4198,0
3791311,updated,Shipped,Shipped,Shipped,0,0,0,0,4198,4198,0
3811966,updated,Shipped,Shipped,Shipped,0,0,0,0,4198,4198,0
3624926,updated,Shipped,Shipped,Shipped,0,300,0,0,0,300,0
3686976,updated,Shipped,Shipped,Shipped,0,600,150,450,1418,2618,0
3680298,updated,Shipped,Shipped,Shipped,0,600,100,450,415,1565,0
3663724,updated,Shipped,Shipped,Shipped,0,600,100,450,3828,4978,0
3804473,updated,Shipped,Shipped,Shipped,0,0,50,0,554,604,0
3804460,updated,Shipped,Shipped,Shipped,0,0,50,0,554,604,0
3804572,updated,Shipped,Shipped,Shipped,0,0,50,0,433,483,0
3804555,updated,Shipped,Shipped,Shipped,0,0,50,0,707,757,0
3761829,updated,Shipped,Shipped,Shipped,0,0,50,0,2310,2360,0
3724537,updated,Shipped,Shipped,Shipped,0,600,250,450,1967,3267,0
3764366,updated,Shipped,Shipped,Shipped,0,0,0,0,0,0,0
3716481,updated,Shipped,Shipped,Shipped,0,0,50,0,433,483,0
3641398,updated,Shipped,Shipped,Shipped,0,600,250,450,4278,5578,0
3786978,updated,Shipped,Shipped,Shipped,0,0,0,0,2382,2382,0
3745140,updated,Shipped,Shipped,Shipped,0,600,200,463,0,1263,0
3672999,updated,Shipped,Shipped,Shipped,0,0,0,203,0,203,0
3670398,updated,Shipped,Shipped,Shipped,0,0,0,203,0,203,0
3670428,updated,Shipped,Shipped,Shipped,0,0,0,203,0,203,0
3687176,updated,Shipped,Shipped,Shipped,0,600,100,575,562,1837,0
3665504,updated,Shipped,Shipped,Shipped,0,600,250,450,1967,3267,0
3654070,updated,Shipped,Shipped,Shipped,0,600,200,450,1475,2725,0
3685181,updated,Shipped,Shipped,Shipped,0,600,100,575,0,1275,0
3588341,updated,Shipped,Shipped,Shipped,0,300,100,575,628,1603,0
3715909,updated,Shipped,Shipped,Shipped,0,600,100,450,718,1868,0
3700994,updated,Shipped,Shipped,Shipped,0,0,200,1410,16309,17919,0
3642823,updated,Shipped,Shipped,Shipped,0,600,100,700,1535,2935,0
3758216,updated,Shipped,Shipped,Shipped,0,0,0,0,23077,23077,0
3751803,updated,Shipped,Shipped,Shipped,0,0,50,0,24,74,0
3724095,updated,Shipped,Shipped,Shipped,0,0,200,1410,15995,17605,0
3718407,updated,Shipped,Shipped,Shipped,0,0,50,0,12235,12285,0
3791243,updated,Shipped,Shipped,Shipped,0,0,50,0,8767,8817,0
3520710,updated,Shipped,Shipped,Shipped,0,0,100,0,989,1089,0
3717433,updated,Shipped,Shipped,Shipped,0,0,0,0,11441,11441,0
3717420,updated,Shipped,Shipped,Shipped,0,0,0,0,11441,11441,0
3717356,updated,Shipped,Shipped,Shipped,0,0,0,0,11441,11441,0
3717370,updated,Shipped,Shipped,Shipped,0,0,0,0,11441,11441,0
3629969,updated,Shipped,Shipped,Shipped,0,600,100,700,1192,2592,0
3787518,updated,Shipped,Shipped,Shipped,0,0,50,0,84,134,0
3602956,updated,Shipped,Shipped,Shipped,0,600,100,700,1080,2480,0
3588328,updated,Shipped,Shipped,Shipped,0,300,100,575,955,1930,0
3773732,updated,Shipped,Shipped,Shipped,0,0,0,1200,1237,2437,0
3759222,updated,Shipped,Shipped,Shipped,0,0,0,1200,1237,2437,0
3688220,updated,Shipped,Shipped,Shipped,0,0,0,1200,1692,2892,0
3705055,updated,Shipped,Shipped,Shipped,0,0,0,1200,1162,2362,0
3697677,updated,Shipped,Shipped,Shipped,0,0,0,1200,1985,3185,0
3653294,updated,Shipped,Shipped,Shipped,0,600,150,575,4196,5521,0
3626695,updated,Shipped,Shipped,Shipped,0,600,150,207,1817,2774,0
3795493,updated,Shipped,Shipped,Shipped,0,0,0,0,1943,1943,0
3592345,updated,Shipped,Shipped,Shipped,0,600,200,575,1968,3343,0
3643482,updated,Shipped,Shipped,Shipped,0,600,100,575,2460,3735,0
3655972,updated,Shipped,Shipped,Shipped,0,600,100,450,1062,2212,0
3601698,updated,Shipped,Shipped,Shipped,0,600,150,207,2038,2995,0
3796803,updated,Shipped,Shipped,Shipped,0,0,100,0,1698,1798,0
3796547,updated,Shipped,Shipped,Shipped,0,0,100,0,2334,2434,0
3796585,updated,Shipped,Shipped,Shipped,0,0,100,0,1698,1798,0
3735173,updated,Shipped,Shipped,Shipped,0,0,50,0,0,50,0
3712174,updated,Shipped,Shipped,Shipped,0,0,50,0,0,50,0
3746376,updated,Shipped,Shipped,Shipped,0,0,0,0,10058,10058,0
3701000,updated,Shipped,Shipped,Shipped,0,0,100,950,1062,2112,0
3708367,updated,Shipped,Shipped,Shipped,0,0,100,950,1062,2112,0
3708501,updated,Shipped,Shipped,Shipped,0,0,100,950,1062,2112,0
3708558,updated,Shipped,Shipped,Shipped,0,0,100,950,1237,2287,0
3701013,updated,Shipped,Shipped,Shipped,0,0,100,950,989,2039,0
3701032,updated,Shipped,Shipped,Shipped,0,0,100,950,1062,2112,0
3700999,updated,Shipped,Shipped,Shipped,0,0,100,950,1062,2112,0
3701002,updated,Shipped,Shipped,Shipped,0,0,100,950,1192,2242,0
3603577,updated,Shipped,Shipped,Shipped,0,600,150,450,2687,3887,0
3647384,updated,Shipped,Shipped,Shipped,0,600,50,450,1097,2197,0
3628440,updated,Shipped,Shipped,Shipped,0,600,150,450,1403,2603,0
3640920,updated,Shipped,Shipped,Shipped,0,600,200,450,1867,3117,0
3612657,updated,Shipped,Shipped,Shipped,0,600,200,450,1867,3117,0
3612393,updated,Shipped,Shipped,Shipped,0,600,200,450,1867,3117,0
3610648,updated,Shipped,Shipped,Shipped,0,600,200,450,1157,2407,0
3606827,updated,Shipped,Shipped,Shipped,0,600,200,450,1933,3183,0
3610976,updated,Shipped,Shipped,Shipped,0,600,200,450,2207,3457,0
3606833,updated,Shipped,Shipped,Shipped,0,600,200,450,1157,2407,0
3610698,updated,Shipped,Shipped,Shipped,0,600,200,450,1732,2982,0
3793965,updated,Shipped,Shipped,Shipped,0,0,100,0,65300,65400,0
3670698,updated,Shipped,Shipped,Shipped,0,600,100,575,462,1737,0
3717546,updated,Shipped,Shipped,Shipped,0,600,100,575,989,2264,0
3670587,updated,Shipped,Shipped,Shipped,0,600,100,575,1045,2320,0
3758559,updated,Shipped,Shipped,Shipped,0,0,0,0,11431,11431,0
3758487,updated,Shipped,Shipped,Shipped,0,0,350,0,69182,69532,0
3665447,updated,Shipped,Shipped,Shipped,0,600,150,575,1902,3227,0
3665662,updated,Shipped,Shipped,Shipped,0,600,100,450,1615,2765,0
3642532,updated,Shipped,Shipped,Shipped,0,600,100,450,1045,2195,0
3665037,updated,Shipped,Shipped,Shipped,0,600,100,450,1535,2685,0
3664955,updated,Shipped,Shipped,Shipped,0,600,150,450,2105,3305,0
3664972,updated,Shipped,Shipped,Shipped,0,600,150,450,1901,3101,0
3664283,updated,Shipped,Shipped,Shipped,0,600,100,450,718,1868,0
3664136,updated,Shipped,Shipped,Shipped,0,600,100,450,697,1847,0
3665685,updated,Shipped,Shipped,Shipped,0,600,100,450,632,1782,0
3665357,updated,Shipped,Shipped,Shipped,0,600,100,450,697,1847,0
3663910,updated,Shipped,Shipped,Shipped,0,600,100,450,697,1847,0
3663785,updated,Shipped,Shipped,Shipped,0,600,100,450,1192,2342,0
3663899,updated,Shipped,Shipped,Shipped,0,600,100,450,718,1868,0
3663968,updated,Shipped,Shipped,Shipped,0,600,100,450,697,1847,0
3770729,updated,Shipped,Shipped,Shipped,0,600,0,0,0,600,0
3666388,updated,Shipped,Shipped,Shipped,0,600,100,450,989,2139,0
3757889,updated,Shipped,Shipped,Shipped,0,0,0,0,317,317,0
3665410,updated,Shipped,Shipped,Shipped,0,600,100,825,1192,2717,0
3654104,updated,Shipped,Shipped,Shipped,0,600,150,450,1705,2905,0
3655817,updated,Shipped,Shipped,Shipped,0,600,100,450,1775,2925,0
3622011,updated,Shipped,Shipped,Shipped,0,600,100,450,1062,2212,0
3785370,updated,Shipped,Shipped,Shipped,0,0,0,0,18659,18659,0
3785292,updated,Shipped,Shipped,Shipped,0,0,0,0,18659,18659,0
3736900,updated,Shipped,Shipped,Shipped,0,0,0,0,317,317,0
3711431,updated,Shipped,Shipped,Shipped,0,0,50,0,707,757,0
3728696,updated,Shipped,Shipped,Shipped,0,0,0,0,350,350,0
3750914,updated,Shipped,Shipped,Shipped,0,0,0,0,234,234,0
3789517,updated,Shipped,Shipped,Shipped,0,0,100,0,1698,1798,0
3788157,updated,Shipped,Shipped,Shipped,0,0,100,0,3668,3768,0
3769849,updated,Shipped,Shipped,Shipped,0,0,100,0,3668,3768,0
3736484,updated,Shipped,Shipped,Shipped,0,0,100,0,1780,1880,0
3787204,updated,Shipped,Shipped,Shipped,0,0,0,0,205,205,0
3771708,updated,Shipped,Shipped,Shipped,0,0,50,0,720,770,0
3771725,updated,Shipped,Shipped,Shipped,0,0,50,0,1002,1052,0
3736466,updated,Shipped,Shipped,Shipped,0,0,100,0,1411,1511,0
3452027,updated,Shipped,Shipped,Shipped,0,600,150,0,20159,20909,0
3641676,updated,Shipped,Shipped,Shipped,0,600,200,450,1732,2982,0
3736240,updated,Shipped,Shipped,Shipped,0,0,50,0,367,417,0
3743292,updated,Shipped,Shipped,Shipped,0,600,250,575,3587,5012,0
3782976,updated,Shipped,Shipped,Shipped,0,0,0,0,11374,11374,0
3736269,updated,Shipped,Shipped,Shipped,0,0,0,0,0,0,0
3747662,updated,Shipped,Shipped,Shipped,0,0,0,0,0,0,0
3747869,updated,Shipped,Shipped,Shipped,0,0,0,0,0,0,0
3718901,updated,Shipped,Shipped,Shipped,0,0,50,0,8010,8060,0
3736748,updated,Shipped,Shipped,Shipped,0,0,100,0,67237,67337,0
3781455,updated,Shipped,Shipped,Shipped,0,0,0,0,9790,9790,0
3734864,updated,Shipped,Shipped,Shipped,0,0,50,0,7732,7782,0
3731017,updated,Shipped,Shipped,Shipped,0,0,50,0,1393,1443,0
3729902,updated,Shipped,Shipped,Shipped,0,0,50,0,28420,28470,0
3729901,updated,Shipped,Shipped,Shipped,0,0,50,0,28420,28470,0
3728713,updated,Shipped,Shipped,Shipped,0,0,50,0,841,891,0
3728712,updated,Shipped,Shipped,Shipped,0,0,50,0,720,770,0
3754981,updated,Shipped,Shipped,Shipped,0,0,50,0,28420,28470,0
3754988,updated,Shipped,Shipped,Shipped,0,0,50,0,28420,28470,0
3754986,updated,Shipped,Shipped,Shipped,0,0,50,0,28420,28470,0
3730337,updated,Shipped,Shipped,Shipped,0,0,50,0,39103,39153,0
3744439,updated,Shipped,Shipped,Shipped,0,0,50,518,0,568,0
3606001,updated,Shipped,Shipped,Shipped,0,600,200,450,2207,3457,0
3602958,updated,Shipped,Shipped,Shipped,0,600,200,450,2140,3390,0
3759214,updated,Shipped,Shipped,Shipped,0,0,0,0,11374,11374,0
3605832,updated,Shipped,Shipped,Shipped,0,600,100,450,1775,2925,0
3606078,updated,Shipped,Shipped,Shipped,0,600,100,450,1692,2842,0
3476580,updated,Shipped,Shipped,Shipped,0,600,0,0,562,1162,0
3444025,updated,Shipped,Shipped,Shipped,0,600,0,0,504,1104,0
3602753,updated,Shipped,Shipped,Shipped,0,600,200,450,2054,3304,0
3641140,updated,Shipped,Shipped,Shipped,0,600,200,450,2054,3304,0
3610561,updated,Shipped,Shipped,Shipped,0,600,200,450,2054,3304,0
3604543,updated,Shipped,Shipped,Shipped,0,600,200,450,1867,3117,0
3602086,updated,Shipped,Shipped,Shipped,0,600,100,450,1192,2342,0
3602929,updated,Shipped,Shipped,Shipped,0,600,200,450,1933,3183,0
3641693,updated,Shipped,Shipped,Shipped,0,600,200,450,2207,3457,0
3731141,updated,Shipped,Shipped,Shipped,0,0,50,0,1513,1563,0
3612578,updated,Shipped,Shipped,Shipped,0,600,200,450,1732,2982,0
3583012,updated,Shipped,Shipped,Shipped,0,0,200,630,0,830,0
3605754,updated,Shipped,Shipped,Shipped,0,600,200,450,1732,2982,0
3605817,updated,Shipped,Shipped,Shipped,0,600,100,450,1692,2842,0
3612588,updated,Shipped,Shipped,Shipped,0,600,100,575,623,1898,0
3774492,updated,Shipped,Shipped,Shipped,0,0,100,0,144833,144933,0
3605886,updated,Shipped,Shipped,Shipped,0,600,100,450,1410,2560,0
3606147,updated,Shipped,Shipped,Shipped,0,600,200,450,1867,3117,0
3641667,updated,Shipped,Shipped,Shipped,0,600,200,450,1867,3117,0
3753505,updated,Shipped,Shipped,Shipped,0,0,50,0,13367,13417,0
3610409,updated,Shipped,Shipped,Shipped,0,600,100,450,3300,4450,0
3641574,updated,Shipped,Shipped,Shipped,0,600,200,450,2054,3304,0
3641434,updated,Shipped,Shipped,Shipped,0,600,200,450,1933,3183,0
3736472,updated,Shipped,Shipped,Shipped,0,0,200,1340,14917,16457,0
3641428,updated,Shipped,Shipped,Shipped,0,600,200,450,2207,3457,0
3641586,updated,Shipped,Shipped,Shipped,0,600,200,450,2054,3304,0
3753508,updated,Shipped,Shipped,Shipped,0,0,0,0,10058,10058,0
3612512,updated,Shipped,Shipped,Shipped,0,600,200,450,1867,3117,0
3610396,updated,Shipped,Shipped,Shipped,0,600,100,450,1577,2727,0
3641566,updated,Shipped,Shipped,Shipped,0,600,250,450,1967,3267,0
3610570,updated,Shipped,Shipped,Shipped,0,600,200,450,1933,3183,0
3610428,updated,Shipped,Shipped,Shipped,0,600,200,450,2324,3574,0
3610937,updated,Shipped,Shipped,Shipped,0,600,100,450,1577,2727,0
3606036,updated,Shipped,Shipped,Shipped,0,600,200,450,1732,2982,0
3782157,updated,Shipped,Shipped,Shipped,0,0,50,0,16442,16492,0
3610440,updated,Shipped,Shipped,Shipped,0,600,250,450,4278,5578,0
3606104,updated,Shipped,Shipped,Shipped,0,600,250,450,2453,3753,0
3606012,updated,Shipped,Shipped,Shipped,0,600,200,450,2140,3390,0
3606821,updated,Shipped,Shipped,Shipped,0,600,100,450,1692,2842,0
3605784,updated,Shipped,Shipped,Shipped,0,600,100,450,1638,2788,0
3606167,updated,Shipped,Shipped,Shipped,0,600,200,450,1732,2982,0
3605995,updated,Shipped,Shipped,Shipped,0,600,200,450,2207,3457,0
3641477,updated,Shipped,Shipped,Shipped,0,600,200,450,2054,3304,0
3606161,updated,Shipped,Shipped,Shipped,0,600,200,450,1732,2982,0
3610418,updated,Shipped,Shipped,Shipped,0,600,200,450,2054,3304,0
3606027,updated,Shipped,Shipped,Shipped,0,600,100,450,1518,2668,0
3612369,updated,Shipped,Shipped,Shipped,0,600,200,450,1867,3117,0
3614365,updated,Shipped,Shipped,Shipped,0,600,100,450,1162,2312,0
3605723,updated,Shipped,Shipped,Shipped,0,600,200,450,1732,2982,0
3605802,updated,Shipped,Shipped,Shipped,0,600,200,450,1584,2834,0
3610825,updated,Shipped,Shipped,Shipped,0,600,200,450,1867,3117,0
3606760,updated,Shipped,Shipped,Shipped,0,600,100,450,1518,2668,0
3606864,updated,Shipped,Shipped,Shipped,0,600,100,450,1692,2842,0
3641599,updated,Shipped,Shipped,Shipped,0,600,200,450,2054,3304,0
3613530,updated,Shipped,Shipped,Shipped,0,600,200,450,2762,4012,0
3641607,updated,Shipped,Shipped,Shipped,0,600,200,450,2054,3304,0
3606113,updated,Shipped,Shipped,Shipped,0,600,100,450,1638,2788,0
3713422,updated,Shipped,Shipped,Shipped,0,0,0,0,1769,1769,0
3780535,updated,Shipped,Shipped,Shipped,0,0,350,0,42456,42806,0
3603287,updated,Shipped,Shipped,Shipped,0,600,200,450,2258,3508,0
3772771,updated,Shipped,Shipped,Shipped,0,0,100,0,15103,15203,0
3758698,updated,Shipped,Shipped,Shipped,0,0,100,0,1240,1340,0
3758703,updated,Shipped,Shipped,Shipped,0,0,100,0,1240,1340,0
3734859,updated,Shipped,Shipped,Shipped,0,0,100,0,3668,3768,0
3734849,updated,Shipped,Shipped,Shipped,0,0,100,0,3668,3768,0
3734830,updated,Shipped,Shipped,Shipped,0,0,100,0,3950,4050,0
3520633,updated,Shipped,Shipped,Shipped,0,0,200,0,1157,1357,0
3730981,updated,Shipped,Shipped,Shipped,0,0,100,0,3950,4050,0
3541412,updated,Shipped,Shipped,Shipped,0,0,100,0,8745,8845,0
3722464,updated,Shipped,Shipped,Shipped,0,0,0,0,11431,11431,0
3731018,updated,Shipped,Shipped,Shipped,0,0,100,0,3950,4050,0
3696166,updated,Shipped,Shipped,Shipped,0,0,50,0,84,134,0
3757237,updated,Shipped,Shipped,Shipped,0,0,100,0,7754,7854,0
3717132,updated,Shipped,Shipped,Shipped,0,0,50,0,15900,15950,0
3733973,updated,Shipped,Shipped,Shipped,0,0,50,0,16964,17014,0
3753383,updated,Shipped,Shipped,Shipped,0,0,50,0,18305,18355,0
3736198,updated,Shipped,Shipped,Shipped,0,0,200,1340,15292,16832,0
3757560,updated,Shipped,Shipped,Shipped,0,0,50,0,7594,7644,0
3624142,updated,Shipped,Shipped,Shipped,0,300,0,0,0,300,0
3710383,updated,Shipped,Shipped,Shipped,0,0,200,1410,16648,18258,0
3736308,updated,Shipped,Shipped,Shipped,0,0,200,1340,15870,17410,0
3716372,updated,Shipped,Shipped,Shipped,0,0,150,1410,11861,13421,0
3736272,updated,Shipped,Shipped,Shipped,0,0,0,0,0,0,0
3735665,updated,Shipped,Shipped,Shipped,0,0,0,0,11374,11374,0
3756425,updated,Shipped,Shipped,Shipped,0,0,100,0,35244,35344,0
3772883,updated,Shipped,Shipped,Shipped,0,0,100,0,24455,24555,0
3722919,updated,Shipped,Shipped,Shipped,0,0,0,0,30101,30101,0
3726084,updated,Shipped,Shipped,Shipped,0,0,100,0,32424,32524,0
3728347,updated,Shipped,Shipped,Shipped,0,0,200,1410,16648,18258,0
3751260,updated,Shipped,Shipped,Shipped,0,0,0,700,0,700,0
3700808,updated,Shipped,Shipped,Shipped,0,0,0,0,0,0,0
3715395,updated,Shipped,Shipped,Shipped,0,0,0,0,0,0,0
3715400,updated,Shipped,Shipped,Shipped,0,0,0,0,0,0,0
3731340,updated,Shipped,Shipped,Shipped,0,0,0,0,0,0,0
3715136,updated,Shipped,Shipped,Shipped,0,0,0,0,0,0,0
3693831,updated,Shipped,Shipped,Shipped,0,0,0,0,0,0,0
3704421,updated,Shipped,Shipped,Shipped,0,600,0,0,0,600,0
3736323,updated,Shipped,Shipped,Shipped,0,0,100,1340,10883,12323,0
3703913,updated,Shipped,Shipped,Shipped,0,0,200,1410,15870,17480,0
3723804,updated,Shipped,Shipped,Shipped,0,0,200,1410,15870,17480,0
3709403,updated,Shipped,Shipped,Shipped,0,0,250,1410,25955,27615,0
3712300,updated,Shipped,Shipped,Shipped,0,0,200,1410,16295,17905,0
3716678,updated,Shipped,Shipped,Shipped,0,0,50,0,14341,14391,0
3629696,updated,Shipped,Shipped,Shipped,0,0,100,575,935,1610,0
3716826,updated,Shipped,Shipped,Shipped,0,0,100,0,25452,25552,0
3758755,updated,Shipped,Shipped,Shipped,0,0,100,0,22063,22163,0
3728351,updated,Shipped,Shipped,Shipped,0,600,0,0,0,600,0
3728349,updated,Shipped,Shipped,Shipped,0,600,0,0,0,600,0
3751403,updated,Shipped,Shipped,Shipped,0,0,0,0,688,688,0
3734419,updated,Shipped,Shipped,Shipped,0,0,100,0,2778,2878,0
3745597,updated,Shipped,Shipped,Shipped,0,0,0,0,11374,11374,0
3758980,updated,Shipped,Shipped,Shipped,0,0,100,0,30816,30916,0
3728352,updated,Shipped,Shipped,Shipped,0,600,0,0,0,600,0
3686682,updated,Shipped,Shipped,Shipped,0,0,0,0,678,678,0
3725034,updated,Shipped,Shipped,Shipped,0,0,100,0,104816,104916,0
3624111,updated,Shipped,Shipped,Shipped,0,300,0,0,0,300,0
3723313,updated,Shipped,Shipped,Shipped,0,0,0,0,0,0,0
3723374,updated,Shipped,Shipped,Shipped,0,0,0,0,0,0,0
3723886,updated,Shipped,Shipped,Shipped,0,0,0,0,0,0,0
3723981,updated,Shipped,Shipped,Shipped,0,0,0,0,0,0,0
3700856,updated,Shipped,Shipped,Shipped,0,0,0,0,0,0,0
3716341,updated,Shipped,Shipped,Shipped,0,0,50,0,1750,1800,0
3736186,updated,Shipped,Shipped,Shipped,0,0,0,0,492,492,0
3733472,updated,Shipped,Shipped,Shipped,0,0,50,0,1123,1173,0
3727064,updated,Shipped,Shipped,Shipped,0,0,0,0,64,64,0
3604969,updated,Shipped,Shipped,Shipped,0,600,100,450,3300,4450,0
3735799,updated,Shipped,Shipped,Shipped,0,0,100,0,28326,28426,0
3459955,updated,Shipped,Shipped,Shipped,0,0,150,0,3882,4032,0
3735894,updated,Shipped,Shipped,Shipped,0,0,0,0,14370,14370,0
3710105,updated,Shipped,Shipped,Shipped,0,0,50,225,718,993,0
3730327,updated,Shipped,Shipped,Shipped,0,0,100,0,45964,46064,0
3694732,updated,Shipped,Shipped,Shipped,0,0,0,0,548,548,0
3710083,updated,Shipped,Shipped,Shipped,0,0,50,225,632,907,0
3640905,updated,Shipped,Shipped,Shipped,0,600,50,450,878,1978,0
3641416,updated,Shipped,Shipped,Shipped,0,600,50,450,1775,2875,0
3604774,updated,Shipped,Shipped,Shipped,0,600,100,450,1734,2884,0
3697968,updated,Shipped,Shipped,Shipped,0,0,200,1410,13724,15334,0
3746351,updated,Shipped,Shipped,Shipped,0,0,600,0,9721,10321,0
3601872,updated,Shipped,Shipped,Shipped,0,600,100,450,8887,10037,0
3603017,updated,Shipped,Shipped,Shipped,0,600,100,450,1902,3052,0
3603717,updated,Shipped,Shipped,Shipped,0,600,100,450,1734,2884,0
3604923,updated,Shipped,Shipped,Shipped,0,600,100,450,1734,2884,0
3602991,updated,Shipped,Shipped,Shipped,0,600,100,450,1902,3052,0
3712157,updated,Shipped,Shipped,Shipped,0,0,100,0,754,854,0
3605535,updated,Shipped,Shipped,Shipped,0,600,150,450,1810,3010,0
3727916,updated,Shipped,Shipped,Shipped,0,0,100,0,114934,115034,0
3713054,updated,Shipped,Shipped,Shipped,0,0,100,0,13830,13930,0
3602762,updated,Shipped,Shipped,Shipped,0,600,200,450,2054,3304,0
3604652,updated,Shipped,Shipped,Shipped,0,600,200,450,1933,3183,0
3604323,updated,Shipped,Shipped,Shipped,0,600,200,450,1867,3117,0
3604910,updated,Shipped,Shipped,Shipped,0,600,200,450,1867,3117,0
3602849,updated,Shipped,Shipped,Shipped,0,600,200,450,2207,3457,0
3724280,updated,Shipped,Shipped,Shipped,0,0,0,0,11374,11374,0
3604613,updated,Shipped,Shipped,Shipped,0,600,200,450,1144,2394,0
3602703,updated,Shipped,Shipped,Shipped,0,600,250,450,4278,5578,0
3698048,updated,Shipped,Shipped,Shipped,0,0,50,0,10799,10849,0
3602695,updated,Shipped,Shipped,Shipped,0,600,250,450,4882,6182,0
3736021,updated,Shipped,Shipped,Shipped,0,0,50,0,19751,19801,0
3741264,updated,Shipped,Shipped,Shipped,0,0,50,0,12224,12274,0
3739013,updated,Shipped,Shipped,Shipped,0,0,100,0,28326,28426,0
3722420,updated,Shipped,Shipped,Shipped,0,0,0,0,587,587,0
3686611,updated,Shipped,Shipped,Shipped,0,0,200,825,0,1025,0
3723202,updated,Shipped,Shipped,Shipped,0,0,50,0,15636,15686,0
3717885,updated,Shipped,Shipped,Shipped,0,0,100,0,0,100,0
3730619,updated,Shipped,Shipped,Shipped,0,0,0,0,3043,3043,0
3688961,updated,Shipped,Shipped,Shipped,0,0,250,1340,26952,28542,0
3724214,updated,Shipped,Shipped,Shipped,0,0,100,0,40558,40658,0
3624257,updated,Shipped,Shipped,Shipped,0,300,0,0,0,300,0
3624237,updated,Shipped,Shipped,Shipped,0,300,0,0,0,300,0
3624182,updated,Shipped,Shipped,Shipped,0,300,0,0,0,300,0
3658866,updated,Shipped,Shipped,Shipped,0,600,150,300,0,1050,0
3718088,updated,Shipped,Shipped,Shipped,0,0,850,0,171125,171975,0
3735861,updated,Shipped,Shipped,Shipped,0,0,0,0,11431,11431,0
3726693,updated,Shipped,Shipped,Shipped,0,0,0,0,605,605,0
3624136,updated,Shipped,Shipped,Shipped,0,300,0,0,0,300,0
3721922,updated,Shipped,Shipped,Shipped,0,0,100,0,10621,10721,0
3715445,updated,Shipped,Shipped,Shipped,0,0,50,0,433,483,0
3608902,updated,Shipped,Shipped,Shipped,0,600,200,491,1404,2695,0
3610568,updated,Shipped,Shipped,Shipped,0,600,100,207,1817,2724,0
3610949,updated,Shipped,Shipped,Shipped,0,600,100,207,1775,2682,0
3610334,updated,Shipped,Shipped,Shipped,0,600,100,207,1775,2682,0
3614588,updated,Shipped,Shipped,Shipped,0,600,200,450,2411,3661,0
3602659,updated,Shipped,Shipped,Shipped,0,600,200,450,2054,3304,0
3603268,updated,Shipped,Shipped,Shipped,0,600,200,450,2054,3304,0
3622478,updated,Shipped,Shipped,Shipped,0,600,100,575,1615,2890,0
3603667,updated,Shipped,Shipped,Shipped,0,600,200,450,2341,3591,0
3605921,updated,Shipped,Shipped,Shipped,0,600,100,450,1475,2625,0
3604734,updated,Shipped,Shipped,Shipped,0,600,200,450,2207,3457,0
3604930,updated,Shipped,Shipped,Shipped,0,600,200,450,2207,3457,0
3602096,updated,Shipped,Shipped,Shipped,0,600,250,450,4882,6182,0
3602487,updated,Shipped,Shipped,Shipped,0,600,200,450,2054,3304,0
3602793,updated,Shipped,Shipped,Shipped,0,600,200,450,2054,3304,0
3614183,updated,Shipped,Shipped,Shipped,0,600,200,450,2258,3508,0
3615060,updated,Shipped,Shipped,Shipped,0,600,200,450,2207,3457,0
3613382,updated,Shipped,Shipped,Shipped,0,600,200,450,1933,3183,0
3603425,updated,Shipped,Shipped,Shipped,0,600,250,450,4882,6182,0
3604939,updated,Shipped,Shipped,Shipped,0,600,200,450,984,2234,0
3615126,updated,Shipped,Shipped,Shipped,0,600,200,450,2207,3457,0
3614403,updated,Shipped,Shipped,Shipped,0,600,200,450,2411,3661,0
3614828,updated,Shipped,Shipped,Shipped,0,600,200,450,1867,3117,0
3614858,updated,Shipped,Shipped,Shipped,0,600,200,450,2207,3457,0
3641685,updated,Shipped,Shipped,Shipped,0,600,200,450,2207,3457,0
3613727,updated,Shipped,Shipped,Shipped,0,600,100,575,2521,3796,0
3606124,updated,Shipped,Shipped,Shipped,0,600,200,450,2207,3457,0
3641328,updated,Shipped,Shipped,Shipped,0,600,200,450,2054,3304,0
3606800,updated,Shipped,Shipped,Shipped,0,600,200,450,1867,3117,0
3610588,updated,Shipped,Shipped,Shipped,0,600,200,450,1933,3183,0
3728298,updated,Shipped,Shipped,Shipped,0,0,800,0,0,800,0
3624210,updated,Shipped,Shipped,Shipped,0,300,0,0,0,300,0
3624184,updated,Shipped,Shipped,Shipped,0,300,0,0,0,300,0
3624204,updated,Shipped,Shipped,Shipped,0,300,0,0,0,300,0
3717254,updated,Shipped,Shipped,Shipped,0,0,100,0,3668,3768,0
3716399,updated,Shipped,Shipped,Shipped,0,0,100,0,2334,2434,0
3722427,updated,Shipped,Shipped,Shipped,0,0,0,0,587,587,0
3704544,updated,Shipped,Shipped,Shipped,0,0,0,0,548,548,0
3722417,updated,Shipped,Shipped,Shipped,0,0,0,0,587,587,0
3722434,updated,Shipped,Shipped,Shipped,0,0,0,0,587,587,0
3722432,updated,Shipped,Shipped,Shipped,0,0,0,0,587,587,0
3624160,updated,Shipped,Shipped,Shipped,0,300,0,0,0,300,0
3694740,updated,Shipped,Shipped,Shipped,0,0,0,0,0,0,0
3711805,updated,Shipped,Shipped,Shipped,0,0,50,0,515,565,0
3718593,updated,Shipped,Shipped,Shipped,0,0,0,0,16644,16644,0
3629954,updated,Shipped,Shipped,Shipped,0,300,0,0,0,300,0
3673016,updated,Shipped,Shipped,Shipped,0,0,0,203,0,203,0
3673282,updated,Shipped,Shipped,Shipped,0,0,0,203,0,203,0
3673027,updated,Shipped,Shipped,Shipped,0,0,0,203,0,203,0
3670470,updated,Shipped,Shipped,Shipped,0,0,0,203,0,203,0
3672983,updated,Shipped,Shipped,Shipped,0,0,0,203,0,203,0
3672984,updated,Shipped,Shipped,Shipped,0,0,0,203,0,203,0
3670376,updated,Shipped,Shipped,Shipped,0,0,0,203,0,203,0
3670395,updated,Shipped,Shipped,Shipped,0,0,0,203,0,203,0
3670647,updated,Shipped,Shipped,Shipped,0,0,0,203,0,203,0
3670629,updated,Shipped,Shipped,Shipped,0,0,0,203,0,203,0
3670590,updated,Shipped,Shipped,Shipped,0,0,0,203,0,203,0
3670444,updated,Shipped,Shipped,Shipped,0,0,0,203,0,203,0
3670508,updated,Shipped,Shipped,Shipped,0,0,0,203,0,203,0
3673224,updated,Shipped,Shipped,Shipped,0,0,0,203,0,203,0
3670450,updated,Shipped,Shipped,Shipped,0,0,0,203,0,203,0
3673253,updated,Shipped,Shipped,Shipped,0,0,0,203,0,203,0
3673094,updated,Shipped,Shipped,Shipped,0,0,0,203,0,203,0
3673005,updated,Shipped,Shipped,Shipped,0,0,0,203,0,203,0
3673208,updated,Shipped,Shipped,Shipped,0,0,0,203,0,203,0
3673237,updated,Shipped,Shipped,Shipped,0,0,0,203,0,203,0
3670459,updated,Shipped,Shipped,Shipped,0,0,0,203,0,203,0
3673082,updated,Shipped,Shipped,Shipped,0,0,0,203,0,203,0
3670453,updated,Shipped,Shipped,Shipped,0,0,0,203,0,203,0
3670550,updated,Shipped,Shipped,Shipped,0,0,0,203,0,203,0
3673297,updated,Shipped,Shipped,Shipped,0,0,0,203,0,203,0
3670525,updated,Shipped,Shipped,Shipped,0,0,0,203,0,203,0
3673024,updated,Shipped,Shipped,Shipped,0,0,0,203,0,203,0
3670649,updated,Shipped,Shipped,Shipped,0,0,0,203,0,203,0
3670390,updated,Shipped,Shipped,Shipped,0,0,0,203,0,203,0
3670651,updated,Shipped,Shipped,Shipped,0,0,0,203,0,203,0
3670536,updated,Shipped,Shipped,Shipped,0,0,0,203,0,203,0
3673068,updated,Shipped,Shipped,Shipped,0,0,0,203,0,203,0
3670396,updated,Shipped,Shipped,Shipped,0,0,0,203,0,203,0
3670493,updated,Shipped,Shipped,Shipped,0,0,0,203,0,203,0
3673248,updated,Shipped,Shipped,Shipped,0,0,0,203,0,203,0
3670365,updated,Shipped,Shipped,Shipped,0,0,0,203,0,203,0
3673262,updated,Shipped,Shipped,Shipped,0,0,0,203,0,203,0
3670430,updated,Shipped,Shipped,Shipped,0,0,0,203,0,203,0
3670479,updated,Shipped,Shipped,Shipped,0,0,0,203,0,203,0
3673216,updated,Shipped,Shipped,Shipped,0,0,0,203,0,203,0
3670554,updated,Shipped,Shipped,Shipped,0,0,0,203,0,203,0
3673299,updated,Shipped,Shipped,Shipped,0,0,0,203,0,203,0
3672977,updated,Shipped,Shipped,Shipped,0,0,0,203,0,203,0
3673049,updated,Shipped,Shipped,Shipped,0,0,0,203,0,203,0
3673113,updated,Shipped,Shipped,Shipped,0,0,0,203,0,203,0
3673110,updated,Shipped,Shipped,Shipped,0,0,0,203,0,203,0
3673221,updated,Shipped,Shipped,Shipped,0,0,0,203,0,203,0
3670615,updated,Shipped,Shipped,Shipped,0,0,0,203,0,203,0
3670505,updated,Shipped,Shipped,Shipped,0,0,0,203,0,203,0
3673073,updated,Shipped,Shipped,Shipped,0,0,0,203,0,203,0
3670576,updated,Shipped,Shipped,Shipped,0,0,0,203,0,203,0
3672987,updated,Shipped,Shipped,Shipped,0,0,0,203,0,203,0
3670490,updated,Shipped,Shipped,Shipped,0,0,0,203,0,203,0
3670461,updated,Shipped,Shipped,Shipped,0,0,0,203,0,203,0
3673101,updated,Shipped,Shipped,Shipped,0,0,0,203,0,203,0
3673235,updated,Shipped,Shipped,Shipped,0,0,0,203,0,203,0
3670361,updated,Shipped,Shipped,Shipped,0,0,0,203,0,203,0
3672981,updated,Shipped,Shipped,Shipped,0,0,0,203,0,203,0
3673252,updated,Shipped,Shipped,Shipped,0,0,0,203,0,203,0
3670422,updated,Shipped,Shipped,Shipped,0,0,0,203,0,203,0
3673234,updated,Shipped,Shipped,Shipped,0,0,0,203,0,203,0
3673079,updated,Shipped,Shipped,Shipped,0,0,0,203,0,203,0
3670363,updated,Shipped,Shipped,Shipped,0,0,0,203,0,203,0
3670446,updated,Shipped,Shipped,Shipped,0,0,0,203,0,203,0
3673011,updated,Shipped,Shipped,Shipped,0,0,0,203,0,203,0
3673086,updated,Shipped,Shipped,Shipped,0,0,0,203,0,203,0
3673026,updated,Shipped,Shipped,Shipped,0,0,0,203,0,203,0
3670598,updated,Shipped,Shipped,Shipped,0,0,0,203,0,203,0
3670593,updated,Shipped,Shipped,Shipped,0,0,0,203,0,203,0
3673035,updated,Shipped,Shipped,Shipped,0,0,0,203,0,203,0
3673063,updated,Shipped,Shipped,Shipped,0,0,0,203,0,203,0
3670578,updated,Shipped,Shipped,Shipped,0,0,0,203,0,203,0
3670657,updated,Shipped,Shipped,Shipped,0,0,0,203,0,203,0
3673034,updated,Shipped,Shipped,Shipped,0,0,0,203,0,203,0
3673007,updated,Shipped,Shipped,Shipped,0,0,0,203,0,203,0
3673217,updated,Shipped,Shipped,Shipped,0,0,0,203,0,203,0
3670636,updated,Shipped,Shipped,Shipped,0,0,0,203,0,203,0
3673257,updated,Shipped,Shipped,Shipped,0,0,0,203,0,203,0
3673078,updated,Shipped,Shipped,Shipped,0,0,0,203,0,203,0
3673042,updated,Shipped,Shipped,Shipped,0,0,0,203,0,203,0
3670596,updated,Shipped,Shipped,Shipped,0,0,0,203,0,203,0
3673291,updated,Shipped,Shipped,Shipped,0,0,0,203,0,203,0
3673244,updated,Shipped,Shipped,Shipped,0,0,0,203,0,203,0
3670614,updated,Shipped,Shipped,Shipped,0,0,0,203,0,203,0
3670601,updated,Shipped,Shipped,Shipped,0,0,0,203,0,203,0
3670579,updated,Shipped,Shipped,Shipped,0,0,0,203,0,203,0
3672972,updated,Shipped,Shipped,Shipped,0,0,0,203,0,203,0
3673048,updated,Shipped,Shipped,Shipped,0,0,0,203,0,203,0
3670567,updated,Shipped,Shipped,Shipped,0,0,0,203,0,203,0
3672969,updated,Shipped,Shipped,Shipped,0,0,0,203,0,203,0
3673114,updated,Shipped,Shipped,Shipped,0,0,0,203,0,203,0
3670594,updated,Shipped,Shipped,Shipped,0,0,0,203,0,203,0
3670603,updated,Shipped,Shipped,Shipped,0,0,0,203,0,203,0
3670606,updated,Shipped,Shipped,Shipped,0,0,0,203,0,203,0
3670650,updated,Shipped,Shipped,Shipped,0,0,0,203,0,203,0
3673213,updated,Shipped,Shipped,Shipped,0,0,0,203,0,203,0
3670605,updated,Shipped,Shipped,Shipped,0,0,0,203,0,203,0
3670626,updated,Shipped,Shipped,Shipped,0,0,0,203,0,203,0
3673023,updated,Shipped,Shipped,Shipped,0,0,0,203,0,203,0
3673064,updated,Shipped,Shipped,Shipped,0,0,0,203,0,203,0
3670609,updated,Shipped,Shipped,Shipped,0,0,0,203,0,203,0
3673028,updated,Shipped,Shipped,Shipped,0,0,0,203,0,203,0
3672978,updated,Shipped,Shipped,Shipped,0,0,0,203,0,203,0
3673077,updated,Shipped,Shipped,Shipped,0,0,0,203,0,203,0
3670565,updated,Shipped,Shipped,Shipped,0,0,0,203,0,203,0
3670604,updated,Shipped,Shipped,Shipped,0,0,0,203,0,203,0
3673277,updated,Shipped,Shipped,Shipped,0,0,0,203,0,203,0
3670645,updated,Shipped,Shipped,Shipped,0,0,0,203,0,203,0
3670597,updated,Shipped,Shipped,Shipped,0,0,0,203,0,203,0
3673085,updated,Shipped,Shipped,Shipped,0,0,0,203,0,203,0
3670617,updated,Shipped,Shipped,Shipped,0,0,0,203,0,203,0
3673284,updated,Shipped,Shipped,Shipped,0,0,0,203,0,203,0
3673295,updated,Shipped,Shipped,Shipped,0,0,0,203,0,203,0
3672971,updated,Shipped,Shipped,Shipped,0,0,0,203,0,203,0
3673004,updated,Shipped,Shipped,Shipped,0,0,0,203,0,203,0
3672995,updated,Shipped,Shipped,Shipped,0,0,0,203,0,203,0
3673056,updated,Shipped,Shipped,Shipped,0,0,0,203,0,203,0
3673209,updated,Shipped,Shipped,Shipped,0,0,0,203,0,203,0
3670610,updated,Shipped,Shipped,Shipped,0,0,0,203,0,203,0
3673228,updated,Shipped,Shipped,Shipped,0,0,0,203,0,203,0
3670637,updated,Shipped,Shipped,Shipped,0,0,0,203,0,203,0
3673300,updated,Shipped,Shipped,Shipped,0,0,0,203,0,203,0
3673259,updated,Shipped,Shipped,Shipped,0,0,0,203,0,203,0
3673000,updated,Shipped,Shipped,Shipped,0,0,0,203,0,203,0
3670608,updated,Shipped,Shipped,Shipped,0,0,0,203,0,203,0
3673061,updated,Shipped,Shipped,Shipped,0,0,0,203,0,203,0
3673076,updated,Shipped,Shipped,Shipped,0,0,0,203,0,203,0
3673071,updated,Shipped,Shipped,Shipped,0,0,0,203,0,203,0
3670566,updated,Shipped,Shipped,Shipped,0,0,0,203,0,203,0
3670573,updated,Shipped,Shipped,Shipped,0,0,0,203,0,203,0
3673043,updated,Shipped,Shipped,Shipped,0,0,0,203,0,203,0
3670482,updated,Shipped,Shipped,Shipped,0,0,0,203,0,203,0
3670520,updated,Shipped,Shipped,Shipped,0,0,0,203,0,203,0
3670401,updated,Shipped,Shipped,Shipped,0,0,0,203,0,203,0
3670440,updated,Shipped,Shipped,Shipped,0,0,0,203,0,203,0
3670360,updated,Shipped,Shipped,Shipped,0,0,0,203,0,203,0
3670426,updated,Shipped,Shipped,Shipped,0,0,0,203,0,203,0
3670397,updated,Shipped,Shipped,Shipped,0,0,0,203,0,203,0
3670385,updated,Shipped,Shipped,Shipped,0,0,0,203,0,203,0
3670442,updated,Shipped,Shipped,Shipped,0,0,0,203,0,203,0
3670491,updated,Shipped,Shipped,Shipped,0,0,0,203,0,203,0
3670423,updated,Shipped,Shipped,Shipped,0,0,0,203,0,203,0
3670463,updated,Shipped,Shipped,Shipped,0,0,0,203,0,203,0
3670451,updated,Shipped,Shipped,Shipped,0,0,0,203,0,203,0
3670412,updated,Shipped,Shipped,Shipped,0,0,0,203,0,203,0
3670418,updated,Shipped,Shipped,Shipped,0,0,0,203,0,203,0
3670362,updated,Shipped,Shipped,Shipped,0,0,0,203,0,203,0
3670427,updated,Shipped,Shipped,Shipped,0,0,0,203,0,203,0
3670541,updated,Shipped,Shipped,Shipped,0,0,0,203,0,203,0
3670523,updated,Shipped,Shipped,Shipped,0,0,0,203,0,203,0
3670399,updated,Shipped,Shipped,Shipped,0,0,0,203,0,203,0
3670484,updated,Shipped,Shipped,Shipped,0,0,0,203,0,203,0
3670364,updated,Shipped,Shipped,Shipped,0,0,0,203,0,203,0
3670524,updated,Shipped,Shipped,Shipped,0,0,0,203,0,203,0
3670556,updated,Shipped,Shipped,Shipped,0,0,0,203,0,203,0
3670374,updated,Shipped,Shipped,Shipped,0,0,0,203,0,203,0
3670528,updated,Shipped,Shipped,Shipped,0,0,0,203,0,203,0
3670434,updated,Shipped,Shipped,Shipped,0,0,0,203,0,203,0
3670522,updated,Shipped,Shipped,Shipped,0,0,0,203,0,203,0
3670492,updated,Shipped,Shipped,Shipped,0,0,0,203,0,203,0
3670416,updated,Shipped,Shipped,Shipped,0,0,0,203,0,203,0
3670420,updated,Shipped,Shipped,Shipped,0,0,0,203,0,203,0
3670535,updated,Shipped,Shipped,Shipped,0,0,0,203,0,203,0
3670562,updated,Shipped,Shipped,Shipped,0,0,0,203,0,203,0
3670389,updated,Shipped,Shipped,Shipped,0,0,0,203,0,203,0
3673093,updated,Shipped,Shipped,Shipped,0,0,0,203,0,203,0
3672991,updated,Shipped,Shipped,Shipped,0,0,0,203,0,203,0
3673258,updated,Shipped,Shipped,Shipped,0,0,0,203,0,203,0
3673219,updated,Shipped,Shipped,Shipped,0,0,0,203,0,203,0
3673084,updated,Shipped,Shipped,Shipped,0,0,0,203,0,203,0
3670658,updated,Shipped,Shipped,Shipped,0,0,0,203,0,203,0
3673002,updated,Shipped,Shipped,Shipped,0,0,0,203,0,203,0
3673009,updated,Shipped,Shipped,Shipped,0,0,0,203,0,203,0
3673052,updated,Shipped,Shipped,Shipped,0,0,0,203,0,203,0
3673090,updated,Shipped,Shipped,Shipped,0,0,0,203,0,203,0
3673006,updated,Shipped,Shipped,Shipped,0,0,0,203,0,203,0
3673116,updated,Shipped,Shipped,Shipped,0,0,0,203,0,203,0
3673069,updated,Shipped,Shipped,Shipped,0,0,0,203,0,203,0
3673014,updated,Shipped,Shipped,Shipped,0,0,0,203,0,203,0
3673223,updated,Shipped,Shipped,Shipped,0,0,0,203,0,203,0
3673109,updated,Shipped,Shipped,Shipped,0,0,0,203,0,203,0
3673029,updated,Shipped,Shipped,Shipped,0,0,0,203,0,203,0
3673267,updated,Shipped,Shipped,Shipped,0,0,0,203,0,203,0
3673279,updated,Shipped,Shipped,Shipped,0,0,0,203,0,203,0
3673230,updated,Shipped,Shipped,Shipped,0,0,0,203,0,203,0
3673274,updated,Shipped,Shipped,Shipped,0,0,0,203,0,203,0
3673100,updated,Shipped,Shipped,Shipped,0,0,0,203,0,203,0
3673065,updated,Shipped,Shipped,Shipped,0,0,0,203,0,203,0
3673053,updated,Shipped,Shipped,Shipped,0,0,0,203,0,203,0
3673210,updated,Shipped,Shipped,Shipped,0,0,0,203,0,203,0
3673050,updated,Shipped,Shipped,Shipped,0,0,0,203,0,203,0
3673001,updated,Shipped,Shipped,Shipped,0,0,0,203,0,203,0
3673010,updated,Shipped,Shipped,Shipped,0,0,0,203,0,203,0
3673041,updated,Shipped,Shipped,Shipped,0,0,0,203,0,203,0
3673293,updated,Shipped,Shipped,Shipped,0,0,0,203,0,203,0
3672997,updated,Shipped,Shipped,Shipped,0,0,0,203,0,203,0
3673243,updated,Shipped,Shipped,Shipped,0,0,0,203,0,203,0
3673266,updated,Shipped,Shipped,Shipped,0,0,0,203,0,203,0
3673087,updated,Shipped,Shipped,Shipped,0,0,0,203,0,203,0
3673231,updated,Shipped,Shipped,Shipped,0,0,0,203,0,203,0
3673013,updated,Shipped,Shipped,Shipped,0,0,0,203,0,203,0
3673089,updated,Shipped,Shipped,Shipped,0,0,0,203,0,203,0
3672982,updated,Shipped,Shipped,Shipped,0,0,0,203,0,203,0
3673059,updated,Shipped,Shipped,Shipped,0,0,0,203,0,203,0
3673286,updated,Shipped,Shipped,Shipped,0,0,0,203,0,203,0
3673075,updated,Shipped,Shipped,Shipped,0,0,0,203,0,203,0
3673091,updated,Shipped,Shipped,Shipped,0,0,0,203,0,203,0
3673215,updated,Shipped,Shipped,Shipped,0,0,0,203,0,203,0
3673081,updated,Shipped,Shipped,Shipped,0,0,0,203,0,203,0
3673037,updated,Shipped,Shipped,Shipped,0,0,0,203,0,203,0
3673260,updated,Shipped,Shipped,Shipped,0,0,0,203,0,203,0
3673097,updated,Shipped,Shipped,Shipped,0,0,0,203,0,203,0
3670433,updated,Shipped,Shipped,Shipped,0,0,0,203,0,203,0
3670588,updated,Shipped,Shipped,Shipped,0,0,0,203,0,203,0
3670619,updated,Shipped,Shipped,Shipped,0,0,0,203,0,203,0
3670369,updated,Shipped,Shipped,Shipped,0,0,0,203,0,203,0
3670656,updated,Shipped,Shipped,Shipped,0,0,0,203,0,203,0
3670488,updated,Shipped,Shipped,Shipped,0,0,0,203,0,203,0
3670438,updated,Shipped,Shipped,Shipped,0,0,0,203,0,203,0
3670465,updated,Shipped,Shipped,Shipped,0,0,0,203,0,203,0
3670419,updated,Shipped,Shipped,Shipped,0,0,0,203,0,203,0
3670515,updated,Shipped,Shipped,Shipped,0,0,0,203,0,203,0
3670448,updated,Shipped,Shipped,Shipped,0,0,0,203,0,203,0
3670414,updated,Shipped,Shipped,Shipped,0,0,0,203,0,203,0
3670540,updated,Shipped,Shipped,Shipped,0,0,0,203,0,203,0
3670486,updated,Shipped,Shipped,Shipped,0,0,0,203,0,203,0
3670447,updated,Shipped,Shipped,Shipped,0,0,0,203,0,203,0
3670473,updated,Shipped,Shipped,Shipped,0,0,0,203,0,203,0
3670532,updated,Shipped,Shipped,Shipped,0,0,0,203,0,203,0
3670431,updated,Shipped,Shipped,Shipped,0,0,0,203,0,203,0
3670366,updated,Shipped,Shipped,Shipped,0,0,0,203,0,203,0
3670553,updated,Shipped,Shipped,Shipped,0,0,0,203,0,203,0
3670441,updated,Shipped,Shipped,Shipped,0,0,0,203,0,203,0
3670531,updated,Shipped,Shipped,Shipped,0,0,0,203,0,203,0
3670466,updated,Shipped,Shipped,Shipped,0,0,0,203,0,203,0
3670358,updated,Shipped,Shipped,Shipped,0,0,0,203,0,203,0
3670489,updated,Shipped,Shipped,Shipped,0,0,0,203,0,203,0
3670572,updated,Shipped,Shipped,Shipped,0,0,0,203,0,203,0
3670654,updated,Shipped,Shipped,Shipped,0,0,0,203,0,203,0
3670372,updated,Shipped,Shipped,Shipped,0,0,0,203,0,203,0
3670548,updated,Shipped,Shipped,Shipped,0,0,0,203,0,203,0
3670391,updated,Shipped,Shipped,Shipped,0,0,0,203,0,203,0
3670514,updated,Shipped,Shipped,Shipped,0,0,0,203,0,203,0
3670595,updated,Shipped,Shipped,Shipped,0,0,0,203,0,203,0
3670529,updated,Shipped,Shipped,Shipped,0,0,0,203,0,203,0
3670653,updated,Shipped,Shipped,Shipped,0,0,0,203,0,203,0
3670464,updated,Shipped,Shipped,Shipped,0,0,0,203,0,203,0
3670437,updated,Shipped,Shipped,Shipped,0,0,0,203,0,203,0
3670504,updated,Shipped,Shipped,Shipped,0,0,0,203,0,203,0
3670634,updated,Shipped,Shipped,Shipped,0,0,0,203,0,203,0
3670533,updated,Shipped,Shipped,Shipped,0,0,0,203,0,203,0
3670655,updated,Shipped,Shipped,Shipped,0,0,0,203,0,203,0
3670411,updated,Shipped,Shipped,Shipped,0,0,0,203,0,203,0
3670394,updated,Shipped,Shipped,Shipped,0,0,0,203,0,203,0
3670516,updated,Shipped,Shipped,Shipped,0,0,0,203,0,203,0
3670652,updated,Shipped,Shipped,Shipped,0,0,0,203,0,203,0
3670618,updated,Shipped,Shipped,Shipped,0,0,0,203,0,203,0
3670635,updated,Shipped,Shipped,Shipped,0,0,0,203,0,203,0
3670639,updated,Shipped,Shipped,Shipped,0,0,0,203,0,203,0
3670368,updated,Shipped,Shipped,Shipped,0,0,0,203,0,203,0
3673292,updated,Shipped,Shipped,Shipped,0,0,0,203,0,203,0
3670457,updated,Shipped,Shipped,Shipped,0,0,0,203,0,203,0
3673060,updated,Shipped,Shipped,Shipped,0,0,0,203,0,203,0
3670506,updated,Shipped,Shipped,Shipped,0,0,0,203,0,203,0
3670544,updated,Shipped,Shipped,Shipped,0,0,0,203,0,203,0
3673290,updated,Shipped,Shipped,Shipped,0,0,0,203,0,203,0
3673264,updated,Shipped,Shipped,Shipped,0,0,0,203,0,203,0
3673107,updated,Shipped,Shipped,Shipped,0,0,0,203,0,203,0
3673247,updated,Shipped,Shipped,Shipped,0,0,0,203,0,203,0
3670632,updated,Shipped,Shipped,Shipped,0,0,0,203,0,203,0
3670480,updated,Shipped,Shipped,Shipped,0,0,0,203,0,203,0
3673287,updated,Shipped,Shipped,Shipped,0,0,0,203,0,203,0
3673003,updated,Shipped,Shipped,Shipped,0,0,0,203,0,203,0
3670483,updated,Shipped,Shipped,Shipped,0,0,0,203,0,203,0
3673288,updated,Shipped,Shipped,Shipped,0,0,0,203,0,203,0
3670628,updated,Shipped,Shipped,Shipped,0,0,0,203,0,203,0
3670633,updated,Shipped,Shipped,Shipped,0,0,0,203,0,203,0
3672973,updated,Shipped,Shipped,Shipped,0,0,0,203,0,203,0
3670375,updated,Shipped,Shipped,Shipped,0,0,0,203,0,203,0
3670530,updated,Shipped,Shipped,Shipped,0,0,0,203,0,203,0
3670580,updated,Shipped,Shipped,Shipped,0,0,0,203,0,203,0
3670462,updated,Shipped,Shipped,Shipped,0,0,0,203,0,203,0
3673222,updated,Shipped,Shipped,Shipped,0,0,0,203,0,203,0
3670591,updated,Shipped,Shipped,Shipped,0,0,0,203,0,203,0
3673054,updated,Shipped,Shipped,Shipped,0,0,0,203,0,203,0
3673099,updated,Shipped,Shipped,Shipped,0,0,0,203,0,203,0
3670551,updated,Shipped,Shipped,Shipped,0,0,0,203,0,203,0
3670646,updated,Shipped,Shipped,Shipped,0,0,0,203,0,203,0
3670526,updated,Shipped,Shipped,Shipped,0,0,0,203,0,203,0
3670534,updated,Shipped,Shipped,Shipped,0,0,0,203,0,203,0
3670502,updated,Shipped,Shipped,Shipped,0,0,0,203,0,203,0
3670625,updated,Shipped,Shipped,Shipped,0,0,0,203,0,203,0
3670577,updated,Shipped,Shipped,Shipped,0,0,0,203,0,203,0
3673083,updated,Shipped,Shipped,Shipped,0,0,0,203,0,203,0
3670563,updated,Shipped,Shipped,Shipped,0,0,0,203,0,203,0
3673021,updated,Shipped,Shipped,Shipped,0,0,0,203,0,203,0
3673105,updated,Shipped,Shipped,Shipped,0,0,0,203,0,203,0
3670560,updated,Shipped,Shipped,Shipped,0,0,0,203,0,203,0
3673074,updated,Shipped,Shipped,Shipped,0,0,0,203,0,203,0
3670495,updated,Shipped,Shipped,Shipped,0,0,0,203,0,203,0
3670627,updated,Shipped,Shipped,Shipped,0,0,0,203,0,203,0
3672993,updated,Shipped,Shipped,Shipped,0,0,0,203,0,203,0
3670400,updated,Shipped,Shipped,Shipped,0,0,0,203,0,203,0
3670471,updated,Shipped,Shipped,Shipped,0,0,0,203,0,203,0
3673095,updated,Shipped,Shipped,Shipped,0,0,0,203,0,203,0
3670624,updated,Shipped,Shipped,Shipped,0,0,0,203,0,203,0
3673115,updated,Shipped,Shipped,Shipped,0,0,0,203,0,203,0
3673080,updated,Shipped,Shipped,Shipped,0,0,0,203,0,203,0
3672989,updated,Shipped,Shipped,Shipped,0,0,0,203,0,203,0
3673227,updated,Shipped,Shipped,Shipped,0,0,0,203,0,203,0
3673251,updated,Shipped,Shipped,Shipped,0,0,0,203,0,203,0
3670622,updated,Shipped,Shipped,Shipped,0,0,0,203,0,203,0
3673241,updated,Shipped,Shipped,Shipped,0,0,0,203,0,203,0
3670378,updated,Shipped,Shipped,Shipped,0,0,0,203,0,203,0
3670467,updated,Shipped,Shipped,Shipped,0,0,0,203,0,203,0
3673226,updated,Shipped,Shipped,Shipped,0,0,0,203,0,203,0
3670494,updated,Shipped,Shipped,Shipped,0,0,0,203,0,203,0
3673036,updated,Shipped,Shipped,Shipped,0,0,0,203,0,203,0
3673072,updated,Shipped,Shipped,Shipped,0,0,0,203,0,203,0
3670487,updated,Shipped,Shipped,Shipped,0,0,0,203,0,203,0
3670592,updated,Shipped,Shipped,Shipped,0,0,0,203,0,203,0
3670386,updated,Shipped,Shipped,Shipped,0,0,0,203,0,203,0
3670481,updated,Shipped,Shipped,Shipped,0,0,0,203,0,203,0
3673211,updated,Shipped,Shipped,Shipped,0,0,0,203,0,203,0
3670539,updated,Shipped,Shipped,Shipped,0,0,0,203,0,203,0
3673249,updated,Shipped,Shipped,Shipped,0,0,0,203,0,203,0
3670371,updated,Shipped,Shipped,Shipped,0,0,0,203,0,203,0
3670485,updated,Shipped,Shipped,Shipped,0,0,0,203,0,203,0
3673057,updated,Shipped,Shipped,Shipped,0,0,0,203,0,203,0
3673103,updated,Shipped,Shipped,Shipped,0,0,0,203,0,203,0
3673108,updated,Shipped,Shipped,Shipped,0,0,0,203,0,203,0
3670559,updated,Shipped,Shipped,Shipped,0,0,0,203,0,203,0
3670384,updated,Shipped,Shipped,Shipped,0,0,0,203,0,203,0
3670631,updated,Shipped,Shipped,Shipped,0,0,0,203,0,203,0
3670568,updated,Shipped,Shipped,Shipped,0,0,0,203,0,203,0
3672988,updated,Shipped,Shipped,Shipped,0,0,0,203,0,203,0
3673229,updated,Shipped,Shipped,Shipped,0,0,0,203,0,203,0
3670359,updated,Shipped,Shipped,Shipped,0,0,0,203,0,203,0
3673070,updated,Shipped,Shipped,Shipped,0,0,0,203,0,203,0
3670454,updated,Shipped,Shipped,Shipped,0,0,0,203,0,203,0
3670582,updated,Shipped,Shipped,Shipped,0,0,0,203,0,203,0
3673265,updated,Shipped,Shipped,Shipped,0,0,0,203,0,203,0
3670382,updated,Shipped,Shipped,Shipped,0,0,0,203,0,203,0
3673112,updated,Shipped,Shipped,Shipped,0,0,0,203,0,203,0
3673245,updated,Shipped,Shipped,Shipped,0,0,0,203,0,203,0
3673044,updated,Shipped,Shipped,Shipped,0,0,0,203,0,203,0
3673283,updated,Shipped,Shipped,Shipped,0,0,0,203,0,203,0
3670555,updated,Shipped,Shipped,Shipped,0,0,0,203,0,203,0
3670575,updated,Shipped,Shipped,Shipped,0,0,0,203,0,203,0
3673111,updated,Shipped,Shipped,Shipped,0,0,0,203,0,203,0
3673296,updated,Shipped,Shipped,Shipped,0,0,0,203,0,203,0
3673242,updated,Shipped,Shipped,Shipped,0,0,0,203,0,203,0
3673276,updated,Shipped,Shipped,Shipped,0,0,0,203,0,203,0
3673232,updated,Shipped,Shipped,Shipped,0,0,0,203,0,203,0
3673233,updated,Shipped,Shipped,Shipped,0,0,0,203,0,203,0
3672990,updated,Shipped,Shipped,Shipped,0,0,0,203,0,203,0
3672980,updated,Shipped,Shipped,Shipped,0,0,0,203,0,203,0
3673051,updated,Shipped,Shipped,Shipped,0,0,0,203,0,203,0
3673250,updated,Shipped,Shipped,Shipped,0,0,0,203,0,203,0
3673015,updated,Shipped,Shipped,Shipped,0,0,0,203,0,203,0
3672994,updated,Shipped,Shipped,Shipped,0,0,0,203,0,203,0
3672986,updated,Shipped,Shipped,Shipped,0,0,0,203,0,203,0
3673268,updated,Shipped,Shipped,Shipped,0,0,0,203,0,203,0
3673214,updated,Shipped,Shipped,Shipped,0,0,0,203,0,203,0
3673285,updated,Shipped,Shipped,Shipped,0,0,0,203,0,203,0
3670642,updated,Shipped,Shipped,Shipped,0,0,0,203,0,203,0
3670621,updated,Shipped,Shipped,Shipped,0,0,0,203,0,203,0
3673045,updated,Shipped,Shipped,Shipped,0,0,0,203,0,203,0
3673255,updated,Shipped,Shipped,Shipped,0,0,0,203,0,203,0
3670640,updated,Shipped,Shipped,Shipped,0,0,0,203,0,203,0
3673280,updated,Shipped,Shipped,Shipped,0,0,0,203,0,203,0
3673298,updated,Shipped,Shipped,Shipped,0,0,0,203,0,203,0
3670630,updated,Shipped,Shipped,Shipped,0,0,0,203,0,203,0
3673272,updated,Shipped,Shipped,Shipped,0,0,0,203,0,203,0
3673236,updated,Shipped,Shipped,Shipped,0,0,0,203,0,203,0
3673218,updated,Shipped,Shipped,Shipped,0,0,0,203,0,203,0
3673098,updated,Shipped,Shipped,Shipped,0,0,0,203,0,203,0
3670620,updated,Shipped,Shipped,Shipped,0,0,0,203,0,203,0
3673263,updated,Shipped,Shipped,Shipped,0,0,0,203,0,203,0
3672970,updated,Shipped,Shipped,Shipped,0,0,0,203,0,203,0
3673038,updated,Shipped,Shipped,Shipped,0,0,0,203,0,203,0
3670644,updated,Shipped,Shipped,Shipped,0,0,0,203,0,203,0
3673020,updated,Shipped,Shipped,Shipped,0,0,0,203,0,203,0
3672974,updated,Shipped,Shipped,Shipped,0,0,0,203,0,203,0
3673278,updated,Shipped,Shipped,Shipped,0,0,0,203,0,203,0
3673018,updated,Shipped,Shipped,Shipped,0,0,0,203,0,203,0
3670612,updated,Shipped,Shipped,Shipped,0,0,0,203,0,203,0
3673096,updated,Shipped,Shipped,Shipped,0,0,0,203,0,203,0
3672985,updated,Shipped,Shipped,Shipped,0,0,0,203,0,203,0
3673055,updated,Shipped,Shipped,Shipped,0,0,0,203,0,203,0
3673046,updated,Shipped,Shipped,Shipped,0,0,0,203,0,203,0
3673022,updated,Shipped,Shipped,Shipped,0,0,0,203,0,203,0
3673104,updated,Shipped,Shipped,Shipped,0,0,0,203,0,203,0
3672998,updated,Shipped,Shipped,Shipped,0,0,0,203,0,203,0
3672976,updated,Shipped,Shipped,Shipped,0,0,0,203,0,203,0
3673066,updated,Shipped,Shipped,Shipped,0,0,0,203,0,203,0
3670455,updated,Shipped,Shipped,Shipped,0,0,0,203,0,203,0
3670367,updated,Shipped,Shipped,Shipped,0,0,0,203,0,203,0
3670521,updated,Shipped,Shipped,Shipped,0,0,0,203,0,203,0
3670443,updated,Shipped,Shipped,Shipped,0,0,0,203,0,203,0
3670456,updated,Shipped,Shipped,Shipped,0,0,0,203,0,203,0
3670581,updated,Shipped,Shipped,Shipped,0,0,0,203,0,203,0
3670510,updated,Shipped,Shipped,Shipped,0,0,0,203,0,203,0
3670545,updated,Shipped,Shipped,Shipped,0,0,0,203,0,203,0
3670583,updated,Shipped,Shipped,Shipped,0,0,0,203,0,203,0
3670393,updated,Shipped,Shipped,Shipped,0,0,0,203,0,203,0
3670513,updated,Shipped,Shipped,Shipped,0,0,0,203,0,203,0
3670421,updated,Shipped,Shipped,Shipped,0,0,0,203,0,203,0
3670449,updated,Shipped,Shipped,Shipped,0,0,0,203,0,203,0
3670561,updated,Shipped,Shipped,Shipped,0,0,0,203,0,203,0
3670557,updated,Shipped,Shipped,Shipped,0,0,0,203,0,203,0
3670392,updated,Shipped,Shipped,Shipped,0,0,0,203,0,203,0
3670460,updated,Shipped,Shipped,Shipped,0,0,0,203,0,203,0
3670600,updated,Shipped,Shipped,Shipped,0,0,0,203,0,203,0
3670585,updated,Shipped,Shipped,Shipped,0,0,0,203,0,203,0
3670569,updated,Shipped,Shipped,Shipped,0,0,0,203,0,203,0
3670377,updated,Shipped,Shipped,Shipped,0,0,0,203,0,203,0
3670413,updated,Shipped,Shipped,Shipped,0,0,0,203,0,203,0
3670511,updated,Shipped,Shipped,Shipped,0,0,0,203,0,203,0
3670623,updated,Shipped,Shipped,Shipped,0,0,0,203,0,203,0
3670381,updated,Shipped,Shipped,Shipped,0,0,0,203,0,203,0
3670509,updated,Shipped,Shipped,Shipped,0,0,0,203,0,203,0
3670503,updated,Shipped,Shipped,Shipped,0,0,0,203,0,203,0
3670558,updated,Shipped,Shipped,Shipped,0,0,0,203,0,203,0
3670611,updated,Shipped,Shipped,Shipped,0,0,0,203,0,203,0
3670373,updated,Shipped,Shipped,Shipped,0,0,0,203,0,203,0
3670589,updated,Shipped,Shipped,Shipped,0,0,0,203,0,203,0
3717716,updated,Shipped,Shipped,Shipped,0,0,100,0,24158,24258,0
3711124,updated,Shipped,Shipped,Shipped,0,0,100,0,75006,75106,0
3704920,updated,Shipped,Shipped,Shipped,0,0,100,0,41486,41586,0
3717502,updated,Shipped,Shipped,Shipped,0,0,100,0,80658,80758,0
3697357,updated,Shipped,Shipped,Shipped,0,600,0,0,0,600,0
3630019,updated,Shipped,Shipped,Shipped,0,300,0,0,0,300,0
3630077,updated,Shipped,Shipped,Shipped,0,300,0,0,0,300,0
3628406,updated,Shipped,Shipped,Shipped,0,0,0,0,1041,1041,0
3629893,updated,Shipped,Shipped,Shipped,0,300,0,0,0,300,0
3630179,updated,Shipped,Shipped,Shipped,0,300,0,0,0,300,0
3630028,updated,Shipped,Shipped,Shipped,0,300,0,0,0,300,0
3630128,updated,Shipped,Shipped,Shipped,0,300,0,0,0,300,0
3653130,updated,Shipped,Shipped,Shipped,0,600,0,575,1026,2201,0
3653145,updated,Shipped,Shipped,Shipped,0,600,0,575,14842,16017,0
3630170,updated,Shipped,Shipped,Shipped,0,300,0,0,0,300,0
3630130,updated,Shipped,Shipped,Shipped,0,300,0,0,0,300,0
3630132,updated,Shipped,Shipped,Shipped,0,300,0,0,0,300,0
3630004,updated,Shipped,Shipped,Shipped,0,300,0,0,0,300,0
3630102,updated,Shipped,Shipped,Shipped,0,300,0,0,0,300,0
3594377,updated,Shipped,Shipped,Shipped,0,600,0,0,0,600,0
3600729,updated,Shipped,Shipped,Shipped,0,600,0,0,0,600,0
3630025,updated,Shipped,Shipped,Shipped,0,300,0,0,0,300,0
3630029,updated,Shipped,Shipped,Shipped,0,300,0,0,0,300,0
3687006,updated,Shipped,Shipped,Shipped,0,0,0,0,0,0,0
3680055,updated,Shipped,Shipped,Shipped,0,0,0,0,0,0,0
3630001,updated,Shipped,Shipped,Shipped,0,300,0,0,0,300,0
3630192,updated,Shipped,Shipped,Shipped,0,300,0,0,0,300,0
3630036,updated,Shipped,Shipped,Shipped,0,300,0,0,0,300,0
3630138,updated,Shipped,Shipped,Shipped,0,300,0,0,0,300,0
3630183,updated,Shipped,Shipped,Shipped,0,300,0,0,0,300,0
3603583,updated,Shipped,Shipped,Shipped,0,600,0,0,0,600,0
3655340,updated,Shipped,Shipped,Shipped,0,300,0,0,0,300,0
3629894,updated,Shipped,Shipped,Shipped,0,300,0,0,0,300,0
3604732,updated,Shipped,Shipped,Shipped,0,600,0,0,0,600,0
3625703,updated,Shipped,Shipped,Shipped,0,600,0,0,0,600,0
3630129,updated,Shipped,Shipped,Shipped,0,300,0,0,0,300,0
3625168,updated,Shipped,Shipped,Shipped,0,0,0,0,1043,1043,0
3629998,updated,Shipped,Shipped,Shipped,0,300,0,0,0,300,0
3610598,updated,Shipped,Shipped,Shipped,0,600,0,0,0,600,0
3630118,updated,Shipped,Shipped,Shipped,0,300,0,0,0,300,0
3630027,updated,Shipped,Shipped,Shipped,0,300,0,0,0,300,0
3625704,updated,Shipped,Shipped,Shipped,0,600,0,0,0,600,0
3629453,updated,Shipped,Shipped,Shipped,0,300,0,0,0,300,0
3630078,updated,Shipped,Shipped,Shipped,0,300,0,0,0,300,0
3630107,updated,Shipped,Shipped,Shipped,0,300,0,0,0,300,0
3677392,updated,Shipped,Shipped,Shipped,0,0,0,0,0,0,0
3629977,updated,Shipped,Shipped,Shipped,0,300,0,0,0,300,0
3693569,updated,Shipped,Shipped,Shipped,0,0,350,730,5387,6467,0
3600234,updated,Shipped,Shipped,Shipped,0,600,0,0,0,600,0
3629656,updated,Shipped,Shipped,Shipped,0,600,0,0,0,600,0
3615013,updated,Shipped,Shipped,Shipped,0,600,0,0,0,600,0
3630026,updated,Shipped,Shipped,Shipped,0,300,0,0,0,300,0
3629999,updated,Shipped,Shipped,Shipped,0,300,0,0,0,300,0
3656119,updated,Shipped,Shipped,Shipped,0,600,0,0,0,600,0
3630168,updated,Shipped,Shipped,Shipped,0,300,0,0,0,300,0
3611092,updated,Shipped,Shipped,Shipped,0,600,0,0,0,600,0
3563740,updated,Shipped,Shipped,Shipped,0,600,0,0,0,600,0
3638288,updated,Shipped,Shipped,Shipped,0,600,0,0,0,600,0
3677363,updated,Shipped,Shipped,Shipped,0,0,70,0,0,70,0
3622406,updated,Shipped,Shipped,Shipped,0,0,0,0,0,0,0
3677352,updated,Shipped,Shipped,Shipped,0,600,0,0,0,600,0
3530536,updated,Shipped,Shipped,Shipped,0,0,0,0,0,0,0
3518247,updated,Shipped,Shipped,Shipped,0,0,0,0,0,0,0
3560772,updated,Shipped,Shipped,Shipped,0,0,0,0,0,0,0
3592357,updated,Shipped,Shipped,Shipped,0,0,0,0,0,0,0
3616478,updated,Shipped,Shipped,Shipped,0,0,0,0,0,0,0
3604984,updated,Shipped,Shipped,Shipped,0,0,0,0,0,0,0
3603593,updated,Shipped,Shipped,Shipped,0,0,0,0,0,0,0
3605029,updated,Shipped,Shipped,Shipped,0,0,0,0,0,0,0
3603635,updated,Shipped,Shipped,Shipped,0,0,0,0,0,0,0
3605006,updated,Shipped,Shipped,Shipped,0,0,0,0,0,0,0
3603653,updated,Shipped,Shipped,Shipped,0,0,0,0,0,0,0
3603444,updated,Shipped,Shipped,Shipped,0,0,0,0,0,0,0
3485626,updated,Shipped,Shipped,Shipped,0,0,0,0,0,0,0
3575973,updated,Shipped,Shipped,Shipped,0,0,0,0,0,0,0
3615883,updated,Shipped,Shipped,Shipped,0,0,0,0,0,0,0
3616318,updated,Shipped,Shipped,Shipped,0,0,0,0,0,0,0
3616432,updated,Shipped,Shipped,Shipped,0,0,0,0,0,0,0
3622409,updated,Shipped,Shipped,Shipped,0,0,0,0,0,0,0
3622405,updated,Shipped,Shipped,Shipped,0,0,0,0,0,0,0
3591675,updated,Shipped,Shipped,Shipped,0,0,0,0,0,0,0
3578817,updated,Shipped,Shipped,Shipped,0,0,0,0,0,0,0
3605875,updated,Shipped,Shipped,Shipped,0,0,0,0,0,0,0
3606231,updated,Shipped,Shipped,Shipped,0,0,0,0,0,0,0
3606859,updated,Shipped,Shipped,Shipped,0,0,0,0,0,0,0
3605983,updated,Shipped,Shipped,Shipped,0,0,0,0,0,0,0
3610526,updated,Shipped,Shipped,Shipped,0,0,0,0,0,0,0
3610785,updated,Shipped,Shipped,Shipped,0,0,0,0,0,0,0
3616295,updated,Shipped,Shipped,Shipped,0,0,0,0,0,0,0
3616507,updated,Shipped,Shipped,Shipped,0,0,0,0,0,0,0
3615936,updated,Shipped,Shipped,Shipped,0,0,0,0,0,0,0
3615727,updated,Shipped,Shipped,Shipped,0,0,0,0,0,0,0
3615678,updated,Shipped,Shipped,Shipped,0,0,0,0,0,0,0
3615772,updated,Shipped,Shipped,Shipped,0,0,0,0,0,0,0
3616456,updated,Shipped,Shipped,Shipped,0,0,0,0,0,0,0
3616367,updated,Shipped,Shipped,Shipped,0,0,0,0,0,0,0
3615910,updated,Shipped,Shipped,Shipped,0,0,0,0,0,0,0
3616250,updated,Shipped,Shipped,Shipped,0,0,0,0,0,0,0
3615858,updated,Shipped,Shipped,Shipped,0,0,0,0,0,0,0
3616170,updated,Shipped,Shipped,Shipped,0,0,0,0,0,0,0
3615703,updated,Shipped,Shipped,Shipped,0,0,0,0,0,0,0
3616347,updated,Shipped,Shipped,Shipped,0,0,0,0,0,0,0
3615748,updated,Shipped,Shipped,Shipped,0,0,0,0,0,0,0
3616228,updated,Shipped,Shipped,Shipped,0,0,0,0,0,0,0
3590961,updated,Shipped,Shipped,Shipped,0,0,0,0,0,0,0
3600782,updated,Shipped,Shipped,Shipped,0,0,0,0,0,0,0
3594317,updated,Shipped,Shipped,Shipped,0,0,0,0,0,0,0
3593902,updated,Shipped,Shipped,Shipped,0,0,0,0,0,0,0
3601783,updated,Shipped,Shipped,Shipped,0,0,0,0,0,0,0
3602493,updated,Shipped,Shipped,Shipped,0,0,0,0,0,0,0
3602083,updated,Shipped,Shipped,Shipped,0,0,0,0,0,0,0
3610997,updated,Shipped,Shipped,Shipped,0,0,0,0,0,0,0
3592447,updated,Shipped,Shipped,Shipped,0,0,0,0,0,0,0
3616529,updated,Shipped,Shipped,Shipped,0,0,0,0,0,0,0
3584845,updated,Shipped,Shipped,Shipped,0,0,0,0,0,0,0
3592261,updated,Shipped,Shipped,Shipped,0,0,0,0,0,0,0
3591701,updated,Shipped,Shipped,Shipped,0,0,0,0,0,0,0
3610499,updated,Shipped,Shipped,Shipped,0,0,0,0,0,0,0
3445572,updated,Shipped,Shipped,Shipped,0,0,0,0,0,0,0
3612613,updated,Shipped,Shipped,Shipped,0,0,0,0,0,0,0
3469608,updated,Shipped,Shipped,Shipped,0,0,0,0,0,0,0
3622408,updated,Shipped,Shipped,Shipped,0,0,0,0,0,0,0
3622400,updated,Shipped,Shipped,Shipped,0,0,0,0,0,0,0
3622461,updated,Shipped,Shipped,Shipped,0,0,0,0,0,0,0
3622402,updated,Shipped,Shipped,Shipped,0,0,0,0,0,0,0
3622410,updated,Shipped,Shipped,Shipped,0,0,0,0,0,0,0
3513119,updated,Shipped,Shipped,Shipped,0,0,0,0,0,0,0
3582466,updated,Shipped,Shipped,Shipped,0,0,0,0,0,0,0
3590331,updated,Shipped,Shipped,Shipped,0,0,0,0,0,0,0
3504812,updated,Shipped,Shipped,Shipped,0,0,0,0,0,0,0
3594434,updated,Shipped,Shipped,Shipped,0,0,0,0,0,0,0
3491943,updated,Shipped,Shipped,Shipped,0,0,0,0,0,0,0
3491988,updated,Shipped,Shipped,Shipped,0,0,0,0,0,0,0
3568054,updated,Shipped,Shipped,Shipped,0,0,0,0,0,0,0
3581962,updated,Shipped,Shipped,Shipped,0,0,0,0,0,0,0
3464594,updated,Shipped,Shipped,Shipped,0,0,0,0,0,0,0
3592338,updated,Shipped,Shipped,Shipped,0,0,0,0,0,0,0
3560976,updated,Shipped,Shipped,Shipped,0,0,0,0,0,0,0
3557186,updated,Shipped,Shipped,Shipped,0,0,0,0,0,0,0
3568156,updated,Shipped,Shipped,Shipped,0,0,0,0,0,0,0
3624007,updated,Shipped,Shipped,Shipped,0,0,0,0,0,0,0
3622401,updated,Shipped,Shipped,Shipped,0,0,0,0,0,0,0
3622407,updated,Shipped,Shipped,Shipped,0,0,0,0,0,0,0